cluster,env,lob,namespace,neighborhood,pod
dcglnh01ocp,prod,cto,ocp-unit-test,NH01,cluste36b100e0cc19eb79a63fd69b414a601abf8897a9169dcc87f2fa5-pod
dcglnh01ocp,prod,cto,ocp-unit-test,NH01,cluste36b100e0cc19eb79a63fd153dd4cc49e8ed29bf24ff5f5fdaebf0-pod
dcglnh01ocp,prod,cto,ocp-unit-test,NH01,cluste520d5084c30899b101cc4049ee0fec02433ca4cbd4f177846bad8-pod
dcglnh01ocp,prod,cto,ocp-unit-test,NH01,cluste520d5084c30899b101cc47d9217e84b1087ab5e41eb64e6d4b9d3-pod
dcglnh01ocp,prod,cto,ocp-unit-test,NH01,cluste520d5084c30899b101cc4c7a40ef7e49490e75e197a8e72043e16-pod
dcglnh01ocp,prod,cto,ocp-unit-test,NH01,cluste89dba89ccabee77dc0d3dcabef9ac954f3b6f69cd11079ad1657f-pod
dcglnh01ocp,prod,cto,ocp-unit-test,NH01,cluste89dba89ccabee77dc0d3dfe761eab53143940e3b8ff62f7a6add3-pod
dcglnh01ocp,prod,cto,ocp-unit-test,NH01,cluste89dba89ccabee77dc0d3d89a20deaaced600f077ea3b1dd89d4ce-pod
dcglnh01ocp,prod,cto,ocp-unit-test,NH01,clustec04adcfa321318a863f4cec4d5f93de94842a7a86b0530b9468a-pod
dcglnh01ocp,prod,cto,ocp-unit-test,NH01,clustec04adcfa321318a863f4361313a004e32d0de1619108c6c8a308-pod
dcglnh01ocp,prod,cto,ocp-unit-test,NH01,clustec04adcfa321318a863f4d279578fe479ba57ed45e2d5648860-pod
dcglnh01ocp,prod,cto,ocp-unit-test,NH01,cluster-operational-readine437ae9872a00ae84e64bf8c744ff3184-pod
dcglnh01ocp,prod,cto,ocp-unit-test,NH01,cluster-operational-readine3196c780831feaad0b853dcc2e5be426-pod
dcglnh01ocp,prod,cto,ocp-unit-test,NH01,cluster-operational-readinefcbed7231a06e11eaeeba978975369a0-pod
dcglnh01ocp,prod,cto,ocp-unit-test,NH01,cluster-operational-readine09449c39bcfb58881a585700f074042-pod
dcglnh01ocp,prod,cto,ocp-unit-test,NH01,cluster-operational-readinee001a3faca261c286659a825765dea4a-pod
