__name__,agent_hostname,collector_id,env,instance,job,role_name,target_name,Value
oem_db_role,dmoor380c4a8086,dmoor380c4a,uat,dmoor380c4a8086:8586,oracle_oem_nonprod5,PHYSICAL STANDBY,U6170052_DANUXL6170DB01,2
oem_db_role,dmoor380c4a8086,dmoor380c4a,uat,dmoor380c4a8086:8586,oracle_oem_nonprod5,PHYSICAL STANDBY,U6170058_DANUXL6170DB01,2
oem_db_role,dmoor380c4a8086,dmoor380c4a,uat,dmoor380c4a8086:8586,oracle_oem_nonprod5,PHYSICAL STANDBY,U6230010_DANUXL6230DB01,2
oem_db_role,dmoor380c4a8086,dmoor380c4a,uat,dmoor380c4a8086:8586,oracle_oem_nonprod5,PHYSICAL STANDBY,U6230048_DANUXL6230DB01,2
oem_db_role,dmoor380c4a8086,dmoor380c4a,uat,dmoor380c4a8086:8586,oracle_oem_nonprod5,PHYSICAL STANDBY,U6230081_DANUXL6230DB01,2
oem_db_role,dmoor380c4a8086,dmoor380c4a,uat,dmoor380c4a8086:8586,oracle_oem_nonprod5,PHYSICAL STANDBY,U6230086_DANUXL6230DB01,2
oem_db_role,dmoor380c4a8086,dmoor380c4a,uat,dmoor380c4a8086:8586,oracle_oem_nonprod5,PHYSICAL STANDBY,U6230104_DANUXL6230DB01,2
oem_db_role,dmoor380c4a8086,dmoor380c4a,uat,dmoor380c4a8086:8586,oracle_oem_nonprod5,PHYSICAL STANDBY,U6230111_DANUXL6230DB01,2
oem_db_role,dmoor380c4a8086,dmoor380c4a,uat,dmoor380c4a8086:8586,oracle_oem_nonprod5,PHYSICAL STANDBY,U6230117_DANUXL6230DB01,2
oem_db_role,dmoor380c4a8086,dmoor380c4a,uat,dmoor380c4a8086:8586,oracle_oem_nonprod5,PHYSICAL STANDBY,U6280007_DANUXL6280DB01,2
oem_db_role,dmoor380c4a8086,dmoor380c4a,uat,dmoor380c4a8086:8586,oracle_oem_nonprod5,PHYSICAL STANDBY,U6280035_DANUXL6280DB01,2
oem_db_role,dmoor380c4a8086,dmoor380c4a,uat,dmoor380c4a8086:8586,oracle_oem_nonprod5,PHYSICAL STANDBY,U6280054_DANUXL6280DB01,2
oem_db_role,dmoor380c4a8086,dmoor380c4a,uat,dmoor380c4a8086:8586,oracle_oem_nonprod5,PHYSICAL STANDBY,U6280055_DANUXL6280DB01,2
oem_db_role,dmoor380c4a8086,dmoor380c4a,uat,dmoor380c4a8086:8586,oracle_oem_nonprod5,PHYSICAL STANDBY,U6280062_DANUXL6280DB01,2
oem_db_role,dmoor380c4a8086,dmoor380c4a,uat,dmoor380c4a8086:8586,oracle_oem_nonprod5,PHYSICAL STANDBY,U6280063_DANUXL6280DB01,2
oem_db_role,dmoor380c4a8086,dmoor380c4a,uat,dmoor380c4a8086:8586,oracle_oem_nonprod5,PHYSICAL STANDBY,U6280071_DANUXL6280DB01,2
oem_db_role,dmoor380c4a8086,dmoor380c4a,uat,dmoor380c4a8086:8586,oracle_oem_nonprod5,PHYSICAL STANDBY,U6280072_DANUXL6280DB01,2
oem_db_role,dmoor380c4a8086,dmoor380c4a,uat,dmoor380c4a8086:8586,oracle_oem_nonprod5,PHYSICAL STANDBY,U6280073_DANUXL6280DB01,2
oem_db_role,dmoor380c4a8086,dmoor380c4a,uat,dmoor380c4a8086:8586,oracle_oem_nonprod5,PHYSICAL STANDBY,U6280074_DANUXL6280DB01,2
oem_db_role,dmoor380c4a8086,dmoor380c4a,uat,dmoor380c4a8086:8586,oracle_oem_nonprod5,PHYSICAL STANDBY,U6280081_DANUXL6280DB01,2
oem_db_role,dmoor380c4a8086,dmoor380c4a,uat,dmoor380c4a8086:8586,oracle_oem_nonprod5,PHYSICAL STANDBY,U6280082_DANUXL6280DB01,2
oem_db_role,dmoor380c4a8086,dmoor380c4a,uat,dmoor380c4a8086:8586,oracle_oem_nonprod5,PHYSICAL STANDBY,U6280083_DANUXL6280DB01,2
oem_db_role,dmoor380c4a8086,dmoor380c4a,uat,dmoor380c4a8086:8586,oracle_oem_nonprod5,PHYSICAL STANDBY,U6281024_DANUXL6281DB01,2
oem_db_role,dmoor380c4a8086,dmoor380c4a,uat,dmoor380c4a8086:8586,oracle_oem_nonprod5,PHYSICAL STANDBY,U6281025_DANUXL6281DB01,2
oem_db_role,dmoor380c4a8086,dmoor380c4a,uat,dmoor380c4a8086:8586,oracle_oem_nonprod5,PHYSICAL STANDBY,U6300033_DANUXL6300DB01,2
oem_db_role,dmoor380c4a8086,dmoor380c4a,uat,dmoor380c4a8086:8586,oracle_oem_nonprod5,PHYSICAL STANDBY,U6300034_DANUXL6300DB01,2
oem_db_role,dmoor380c4a8086,dmoor380c4a,uat,dmoor380c4a8086:8586,oracle_oem_nonprod5,PHYSICAL STANDBY,U6300035_DANUXL6300DB01,2
oem_db_role,dmoor380c4a8086,dmoor380c4a,uat,dmoor380c4a8086:8586,oracle_oem_nonprod5,PHYSICAL STANDBY,U6300036_DANUXL6300DB01,2
oem_db_role,dmoor380c4a8086,dmoor380c4a,uat,dmoor380c4a8086:8586,oracle_oem_nonprod5,PHYSICAL STANDBY,U6300037_DANUXL6300DB01,2
oem_db_role,dmoor380c4a8086,dmoor380c4a,uat,dmoor380c4a8086:8586,oracle_oem_nonprod5,PHYSICAL STANDBY,U6300038_DANUXL6300DB01,2
oem_db_role,dmoor380c4a8086,dmoor380c4a,uat,dmoor380c4a8086:8586,oracle_oem_nonprod5,PHYSICAL STANDBY,U6300039_DANUXL6300DB01,2
oem_db_role,dmoor380c4a8086,dmoor380c4a,uat,dmoor380c4a8086:8586,oracle_oem_nonprod5,PHYSICAL STANDBY,U6300040_DANUXL6300DB01,2
oem_db_role,dmoor380c4a8086,dmoor380c4a,uat,dmoor380c4a8086:8586,oracle_oem_nonprod5,PHYSICAL STANDBY,U6300045_DANUXL6300DB01,2
oem_db_role,dmoor380c4a8086,dmoor380c4a,uat,dmoor380c4a8086:8586,oracle_oem_nonprod5,PHYSICAL STANDBY,U6300050_DANUXL6300DB01,2
oem_db_role,dmoor380c4a8086,dmoor380c4a,uat,dmoor380c4a8086:8586,oracle_oem_nonprod5,PHYSICAL STANDBY,U6300113_DANUXL6300DB01,2
oem_db_role,dmoor380c4a8086,dmoor380c4a,uat,dmoor380c4a8086:8586,oracle_oem_nonprod5,PHYSICAL STANDBY,U6300114_DANUXL6300DB01,2
oem_db_role,dmoor380c4a8086,dmoor380c4a,uat,dmoor380c4a8086:8586,oracle_oem_nonprod5,PHYSICAL STANDBY,U6300118_DANUXL6300DB01,2
oem_db_role,dmoor380c4a8086,dmoor380c4a,uat,dmoor380c4a8086:8586,oracle_oem_nonprod5,PHYSICAL STANDBY,U6300120_DANUXL6300DB01,2
oem_db_role,dmoor380c4a8086,dmoor380c4a,uat,dmoor380c4a8086:8586,oracle_oem_nonprod5,PHYSICAL STANDBY,U6300121_DANUXL6300DB01,2
oem_db_role,dmoor380c4a8086,dmoor380c4a,uat,dmoor380c4a8086:8586,oracle_oem_nonprod5,PHYSICAL STANDBY,U6310044_DANUXC6310DB01,2