id,app_id,app_full_name,metric_id,metric_name,metric_path,frequency,start_time_ms,occurences,current_value,min_value,max_value,value,sum_value,count_value,bucket_start,load_date,fetched_at,unnamed_or_timestamp
1,1AUTHB,1AUTHB_WIMAuthenticationHub,149459746,BTM|Application Summary|Component:25088|Calls per Minute,Overall Application Performance|STR06P-PROD-1authb-utility-api|Individual Nodes|STR06P-PROD-1authb-utility-api-4|Calls per Minute,ONE_MIN,1779380000000.0,12,0.0,56.0,23.0,80.0,52.0,1499.0,29,2026-05-21 16:00:00,2026-05-21,2026-05-21 16:30:18
2,1AUTHB,1AUTHB_WIMAuthenticationHub,149458862,BTM|Application Summary|Component:25083|Calls per Minute,Overall Application Performance|STR06P-PROD-1authb-client-authentication-api|Individual Nodes|STR06P-PROD-1authb-client-authentication-api-1|Calls per Minute,ONE_MIN,1779380000000.0,12,0.0,31.0,13.0,46.0,26.0,760.0,29,2026-05-21 16:00:00,2026-05-21,2026-05-21 16:30:18
3,1AUTHB,1AUTHB_WIMAuthenticationHub,149459151,BTM|Application Summary|Component:25087|Calls per Minute,Overall Application Performance|GARD6P-PROD-1authb-config-api|Individual Nodes|GARD6P-PROD-1authb-config-api-5|Calls per Minute,ONE_MIN,1779380000000.0,12,0.0,28.0,14.0,42.0,28.0,819.0,29,2026-05-21 16:00:00,2026-05-21,2026-05-21 16:30:18
4,1AUTHB,1AUTHB_WIMAuthenticationHub,149459724,BTM|Application Summary|Component:25089|Calls per Minute,Overall Application Performance|MAN06P-PROD-1authb-utility-api|Individual Nodes|MAN06P-PROD-1authb-utility-api-1|Calls per Minute,ONE_MIN,1779380000000.0,12,0.0,47.0,24.0,78.0,47.0,1374.0,29,2026-05-21 16:00:00,2026-05-21,2026-05-21 16:30:18
5,1AUTHB,1AUTHB_WIMAuthenticationHub,149458917,BTM|Application Summary|Component:25082|Calls per Minute,Overall Application Performance|LEW06P-PROD-1authb-client-authentication-api|Individual Nodes|LEW06P-PROD-1authb-client-authentication-api-5|Calls per Minute,ONE_MIN,1779380000000.0,12,0.0,26.0,11.0,35.0,23.0,664.0,29,2026-05-21 16:00:00,2026-05-21,2026-05-21 16:30:18
6,1AUTHB,1AUTHB_WIMAuthenticationHub,149459724,BTM|Application Summary|Component:25089|Calls per Minute,Overall Application Performance|MAN06P-PROD-1authb-utility-api|Individual Nodes|MAN06P-PROD-1authb-utility-api-5|Calls per Minute,ONE_MIN,1779380000000.0,12,0.0,50.0,22.0,57.0,40.0,1168.0,29,2026-05-21 16:00:00,2026-05-21,2026-05-21 16:30:18
7,1AUTHB,1AUTHB_WIMAuthenticationHub,149458917,BTM|Application Summary|Component:25082|Calls per Minute,Overall Application Performance|LEW06P-PROD-1authb-client-authentication-api|Individual Nodes|LEW06P-PROD-1authb-client-authentication-api-3|Calls per Minute,ONE_MIN,1779380000000.0,12,0.0,29.0,7.0,33.0,19.0,540.0,29,2026-05-21 16:00:00,2026-05-21,2026-05-21 16:30:18
8,1AUTHB,1AUTHB_WIMAuthenticationHub,149459746,BTM|Application Summary|Component:25088|Calls per Minute,Overall Application Performance|STR06P-PROD-1authb-utility-api|Individual Nodes|STR06P-PROD-1authb-utility-api-5|Calls per Minute,ONE_MIN,1779380000000.0,12,0.0,18.0,11.0,35.0,21.0,610.0,29,2026-05-21 16:00:00,2026-05-21,2026-05-21 16:30:18
9,1AUTHB,1AUTHB_WIMAuthenticationHub,149459776,BTM|Application Summary|Component:25091|Calls per Minute,Overall Application Performance|LEW06P-PROD-1authb-utility-api|Individual Nodes|LEW06P-PROD-1authb-utility-api-4|Calls per Minute,ONE_MIN,1779380000000.0,12,0.0,34.0,29.0,73.0,51.0,1478.0,29,2026-05-21 16:00:00,2026-05-21,2026-05-21 16:30:18
10,1AUTHB,1AUTHB_WIMAuthenticationHub,149459787,BTM|Application Summary|Component:25090|Calls per Minute,Overall Application Performance|GARD6P-PROD-1authb-utility-api|Individual Nodes|GARD6P-PROD-1authb-utility-api-4|Calls per Minute,ONE_MIN,1779380000000.0,12,0.0,53.0,25.0,92.0,49.0,1428.0,29,2026-05-21 16:00:00,2026-05-21,2026-05-21 16:30:18
11,1AUTHB,1AUTHB_WIMAuthenticationHub,149456316,BTM|Application Summary|Component:25080|Calls per Minute,Overall Application Performance|MAN06P-PROD-1authb-client-authentication-api|Individual Nodes|MAN06P-PROD-1authb-client-authentication-api-4|Calls per Minute,ONE_MIN,1779380000000.0,12,0.0,17.0,11.0,56.0,28.0,804.0,29,2026-05-21 16:00:00,2026-05-21,2026-05-21 16:30:18
12,1AUTHB,1AUTHB_WIMAuthenticationHub,149456316,BTM|Application Summary|Component:25080|Calls per Minute,Overall Application Performance|MAN06P-PROD-1authb-client-authentication-api|Individual Nodes|MAN06P-PROD-1authb-client-authentication-api-5|Calls per Minute,ONE_MIN,1779380000000.0,12,0.0,15.0,12.0,43.0,24.0,682.0,29,2026-05-21 16:00:00,2026-05-21,2026-05-21 16:30:18
13,1AUTHB,1AUTHB_WIMAuthenticationHub,149458862,BTM|Application Summary|Component:25083|Calls per Minute,Overall Application Performance|STR06P-PROD-1authb-client-authentication-api|Individual Nodes|STR06P-PROD-1authb-client-authentication-api-2|Calls per Minute,ONE_MIN,1779380000000.0,12,0.0,18.0,9.0,30.0,18.0,513.0,29,2026-05-21 16:00:00,2026-05-21,2026-05-21 16:30:18
14,1AUTHB,1AUTHB_WIMAuthenticationHub,149459776,BTM|Application Summary|Component:25091|Calls per Minute,Overall Application Performance|LEW06P-PROD-1authb-utility-api|Individual Nodes|LEW06P-PROD-1authb-utility-api-2|Calls per Minute,ONE_MIN,1779380000000.0,12,0.0,25.0,21.0,77.0,45.0,1308.0,29,2026-05-21 16:00:00,2026-05-21,2026-05-21 16:30:18
15,1AUTHB,1AUTHB_WIMAuthenticationHub,149459133,BTM|Application Summary|Component:25085|Calls per Minute,Overall Application Performance|STR06P-PROD-1authb-config-api|Individual Nodes|STR06P-PROD-1authb-config-api-8|Calls per Minute,ONE_MIN,1779380000000.0,12,0.0,40.0,12.0,45.0,28.0,798.0,29,2026-05-21 16:00:00,2026-05-21,2026-05-21 16:30:18
16,1AUTHB,1AUTHB_WIMAuthenticationHub,149459746,BTM|Application Summary|Component:25088|Calls per Minute,Overall Application Performance|STR06P-PROD-1authb-utility-api|Individual Nodes|STR06P-PROD-1authb-utility-api-7|Calls per Minute,ONE_MIN,1779380000000.0,12,0.0,56.0,23.0,74.0,42.0,1222.0,29,2026-05-21 16:00:00,2026-05-21,2026-05-21 16:30:18
17,1AUTHB,1AUTHB_WIMAuthenticationHub,149459168,BTM|Application Summary|Component:25086|Calls per Minute,Overall Application Performance|MAN06P-PROD-1authb-config-api|Individual Nodes|MAN06P-PROD-1authb-config-api-2|Calls per Minute,ONE_MIN,1779380000000.0,12,0.0,19.0,8.0,35.0,19.0,563.0,29,2026-05-21 16:00:00,2026-05-21,2026-05-21 16:30:18
18,1AUTHB,1AUTHB_WIMAuthenticationHub,149459746,BTM|Application Summary|Component:25088|Calls per Minute,Overall Application Performance|STR06P-PROD-1authb-utility-api|Individual Nodes|STR06P-PROD-1authb-utility-api-6|Calls per Minute,ONE_MIN,1779380000000.0,12,0.0,38.0,20.0,59.0,34.0,994.0,29,2026-05-21 16:00:00,2026-05-21,2026-05-21 16:30:18
19,1AUTHB,1AUTHB_WIMAuthenticationHub,149459133,BTM|Application Summary|Component:25085|Calls per Minute,Overall Application Performance|STR06P-PROD-1authb-config-api|Individual Nodes|STR06P-PROD-1authb-config-api-3|Calls per Minute,ONE_MIN,1779380000000.0,12,0.0,32.0,13.0,47.0,28.0,826.0,29,2026-05-21 16:00:00,2026-05-21,2026-05-21 16:30:18
20,1AUTHB,1AUTHB_WIMAuthenticationHub,149458710,BTM|Application Summary|Component:25081|Calls per Minute,Overall Application Performance|GARD6P-PROD-1authb-client-authentication-api|Individual Nodes|GARD6P-PROD-1authb-client-authentication-api-5|Calls per Minute,ONE_MIN,1779380000000.0,12,0.0,19.0,16.0,39.0,25.0,730.0,29,2026-05-21 16:00:00,2026-05-21,2026-05-21 16:30:18
21,1AUTHB,1AUTHB_WIMAuthenticationHub,149458710,BTM|Application Summary|Component:25081|Calls per Minute,Overall Application Performance|GARD6P-PROD-1authb-client-authentication-api|Individual Nodes|GARD6P-PROD-1authb-client-authentication-api-3|Calls per Minute,ONE_MIN,1779380000000.0,12,0.0,13.0,8.0,32.0,17.0,498.0,29,2026-05-21 16:00:00,2026-05-21,2026-05-21 16:30:18
22,1AUTHB,1AUTHB_WIMAuthenticationHub,149459195,BTM|Application Summary|Component:25084|Calls per Minute,Overall Application Performance|LEW06P-PROD-1authb-config-api|Individual Nodes|LEW06P-PROD-1authb-config-api-5|Calls per Minute,ONE_MIN,1779380000000.0,12,0.0,22.0,10.0,34.0,20.0,577.0,29,2026-05-21 16:00:00,2026-05-21,2026-05-21 16:30:18
23,1AUTHB,1AUTHB_WIMAuthenticationHub,149459151,BTM|Application Summary|Component:25087|Calls per Minute,Overall Application Performance|GARD6P-PROD-1authb-config-api|Individual Nodes|GARD6P-PROD-1authb-config-api-3|Calls per Minute,ONE_MIN,1779380000000.0,12,0.0,28.0,16.0,43.0,30.0,874.0,29,2026-05-21 16:00:00,2026-05-21,2026-05-21 16:30:18
24,1AUTHB,1AUTHB_WIMAuthenticationHub,149459133,BTM|Application Summary|Component:25085|Calls per Minute,Overall Application Performance|STR06P-PROD-1authb-config-api|Individual Nodes|STR06P-PROD-1authb-config-api-5|Calls per Minute,ONE_MIN,1779380000000.0,12,0.0,21.0,11.0,33.0,19.0,557.0,29,2026-05-21 16:00:00,2026-05-21,2026-05-21 16:30:18
25,1AUTHB,1AUTHB_WIMAuthenticationHub,149459746,BTM|Application Summary|Component:25088|Calls per Minute,Overall Application Performance|STR06P-PROD-1authb-utility-api|Individual Nodes|STR06P-PROD-1authb-utility-api-3|Calls per Minute,ONE_MIN,1779380000000.0,12,0.0,64.0,24.0,70.0,48.0,1378.0,29,2026-05-21 16:00:00,2026-05-21,2026-05-21 16:30:18
26,1AUTHB,1AUTHB_WIMAuthenticationHub,149459776,BTM|Application Summary|Component:25091|Calls per Minute,Overall Application Performance|LEW06P-PROD-1authb-utility-api|Individual Nodes|LEW06P-PROD-1authb-utility-api-5|Calls per Minute,ONE_MIN,1779380000000.0,12,0.0,37.0,37.0,76.0,54.0,1553.0,29,2026-05-21 16:00:00,2026-05-21,2026-05-21 16:30:18
27,1AUTHB,1AUTHB_WIMAuthenticationHub,149458917,BTM|Application Summary|Component:25082|Calls per Minute,Overall Application Performance|LEW06P-PROD-1authb-client-authentication-api|Individual Nodes|LEW06P-PROD-1authb-client-authentication-api-6|Calls per Minute,ONE_MIN,1779380000000.0,12,0.0,30.0,14.0,48.0,27.0,777.0,29,2026-05-21 16:00:00,2026-05-21,2026-05-21 16:30:18
28,1ATR,1ATR_AccountRecon,33652442,BTM|Application Summary|Component:12506|Calls per Minute,Overall Application Performance|1ATR_Pool|Individual Nodes|ARVWWSWAB303_01M_1ATR_Pool|Calls per Minute,ONE_MIN,1779380000000.0,12,0.0,12.0,12.0,12.0,12.0,348.0,29,2026-05-21 16:00:00,2026-05-21,2026-05-21 16:30:19
29,1ATR,1ATR_AccountRecon,33652442,METRIC DATA NOT FOUND,Overall Application Performance|1ATR_48577_Pool|Individual Nodes|ARVWWSWAB301_SLS_1ATR_48577_Pool|Calls per Minute,ONE_MIN,,12,,,,,,,15,2026-05-21 16:00:00,2026-05-21,2026-05-21 16:30:19
30,1ATR,1ATR_AccountRecon,33652442,BTM|Application Summary|Component:12506|Calls per Minute,Overall Application Performance|1ATR_48577_Pool|Individual Nodes|ARVWWSWAB301_OXM_1ATR_48577_Pool|Calls per Minute,ONE_MIN,1779380000000.0,12,0.0,12.0,12.0,12.0,12.0,348.0,29,2026-05-21 16:00:00,2026-05-21,2026-05-21 16:30:19
31,1ATR,1ATR_AccountRecon,33652442,METRIC DATA NOT FOUND,Overall Application Performance|1ATR_48577_Pool|Individual Nodes|ARVWWSWAB303_SLS_1ATR_48577_Pool|Calls per Minute,ONE_MIN,,12,,,,,,,15,2026-05-21 16:00:00,2026-05-21,2026-05-21 16:30:19
32,1ATR,1ATR_AccountRecon,33652442,BTM|Application Summary|Component:12506|Calls per Minute,Overall Application Performance|1ATR_48577_Pool|Individual Nodes|ARVWWSWAB303_OXM_1ATR_48577_Pool|Calls per Minute,ONE_MIN,1779380000000.0,12,0.0,0.0,0.0,0.0,0.0,0.0,15,2026-05-21 16:00:00,2026-05-21,2026-05-21 16:30:19
33,1ATR,1ATR_AccountRecon,33652442,METRIC DATA NOT FOUND,Overall Application Performance|1ATR_48577_Pool|Individual Nodes|ARVWWSWAB302_SLS_1ATR_48577_Pool|Calls per Minute,ONE_MIN,,12,,,,,,,15,2026-05-21 16:00:00,2026-05-21,2026-05-21 16:30:19
34,1ATR,1ATR_AccountRecon,33652442,BTM|Application Summary|Component:12506|Calls per Minute,Overall Application Performance|1ATR_48577_Pool|Individual Nodes|ARVWWSWAB302_OXM_1ATR_48577_Pool|Calls per Minute,ONE_MIN,1779380000000.0,12,0.0,12.0,11.0,13.0,12.0,348.0,29,2026-05-21 16:00:00,2026-05-21,2026-05-21 16:30:19
35,1ATR,1ATR_AccountRecon,33652442,BTM|Application Summary|Component:12506|Calls per Minute,Overall Application Performance|1ATR_Pool|Individual Nodes|ARVWWSWAB304_01M_1ATR_Pool|Calls per Minute,ONE_MIN,1779380000000.0,12,0.0,12.0,12.0,12.0,12.0,348.0,29,2026-05-21 16:00:00,2026-05-21,2026-05-21 16:30:19
36,1ATR,1ATR_AccountRecon,33652442,METRIC DATA NOT FOUND,Overall Application Performance|1ATR_48577_Pool|Individual Nodes|ARVWWSWAB304_SLS_1ATR_48577_Pool|Calls per Minute,ONE_MIN,,12,,,,,,,15,2026-05-21 16:00:00,2026-05-21,2026-05-21 16:30:19
37,1ATR,1ATR_AccountRecon,33652442,BTM|Application Summary|Component:12506|Calls per Minute,Overall Application Performance|1ATR_48577_Pool|Individual Nodes|ARVWWSWAB304_OXM_1ATR_48577_Pool|Calls per Minute,ONE_MIN,1779380000000.0,12,0.0,12.0,12.0,12.0,12.0,348.0,29,2026-05-21 16:00:00,2026-05-21,2026-05-21 16:30:19
38,1AXM,1AXM_AxiomControllerView,163884616,BTM|Application Summary|Component:26677|Calls per Minute,Overall Application Performance|1axm_cloudstorageservice_prod_ocp|Individual Nodes|1axm_cloudstorageservice_lew_prod-2|Calls per Minute,ONE_MIN,1779380000000.0,12,0.0,28.0,28.0,30.0,28.0,819.0,29,2026-05-21 16:00:00,2026-05-21,2026-05-21 16:30:19
39,1AXM,1AXM_AxiomControllerView,163887402,BTM|Application Summary|Component:26665|Calls per Minute,Overall Application Performance|1axm_calendarservice_prod_ocp|Individual Nodes|1axm_calendarservice_str_prod-3|Calls per Minute,ONE_MIN,1779380000000.0,12,0.0,1.0,1.0,2.0,1.0,35.0,29,2026-05-21 16:00:00,2026-05-21,2026-05-21 16:30:19
40,1AXM,1AXM_AxiomControllerView,163823628,BTM|Application Summary|Component:26661|Calls per Minute,Overall Application Performance|1axm_applicationcleanupservice_prod_ocp|Individual Nodes|1axm_applicationcleanupservice_gar_prod-3|Calls per Minute,ONE_MIN,1779380000000.0,12,0.0,3.0,1.0,5.0,2.0,66.0,29,2026-05-21 16:00:00,2026-05-21,2026-05-21 16:30:19
41,1AXM,1AXM_AxiomControllerView,163887497,BTM|Application Summary|Component:26662|Calls per Minute,Overall Application Performance|1axm_notificationservice_prod_ocp|Individual Nodes|1axm_notificationservice_gar_prod-3|Calls per Minute,ONE_MIN,1779380000000.0,12,0.0,12.0,12.0,16.0,13.0,382.0,29,2026-05-21 16:00:00,2026-05-21,2026-05-21 16:30:19
42,1AXM,1AXM_AxiomControllerView,163884616,BTM|Application Summary|Component:26677|Calls per Minute,Overall Application Performance|1axm_cloudstorageservice_prod_ocp|Individual Nodes|1axm_cloudstorageservice_str_prod-1|Calls per Minute,ONE_MIN,1779380000000.0,12,0.0,13.0,12.0,13.0,12.0,354.0,29,2026-05-21 16:00:00,2026-05-21,2026-05-21 16:30:19
43,1AXM,1AXM_AxiomControllerView,163876637,BTM|Application Summary|Component:26674|Calls per Minute,Overall Application Performance|1axm_maintenance-api_prod_ocp|Individual Nodes|1axm_maintenance-api_lew_prod-4|Calls per Minute,ONE_MIN,1779380000000.0,12,0.0,7.0,5.0,12.0,8.0,242.0,29,2026-05-21 16:00:00,2026-05-21,2026-05-21 16:30:19
44,1AXM,1AXM_AxiomControllerView,163876637,BTM|Application Summary|Component:26674|Calls per Minute,Overall Application Performance|1axm_maintenance-api_prod_ocp|Individual Nodes|1axm_maintenance-api_man_prod-1|Calls per Minute,ONE_MIN,1779380000000.0,12,0.0,1.0,1.0,2.0,1.0,35.0,29,2026-05-21 16:00:00,2026-05-21,2026-05-21 16:30:19
45,1AXM,1AXM_AxiomControllerView,163876637,BTM|Application Summary|Component:26674|Calls per Minute,Overall Application Performance|1axm_maintenance-api_prod_ocp|Individual Nodes|1axm_maintenance-api_str_prod-3|Calls per Minute,ONE_MIN,1779380000000.0,12,0.0,2.0,1.0,2.0,1.0,35.0,29,2026-05-21 16:00:00,2026-05-21,2026-05-21 16:30:19
46,1AXM,1AXM_AxiomControllerView,163887402,BTM|Application Summary|Component:26665|Calls per Minute,Overall Application Performance|1axm_calendarservice_prod_ocp|Individual Nodes|1axm_calendarservice_lew_prod-4|Calls per Minute,ONE_MIN,1779380000000.0,12,0.0,1.0,1.0,2.0,1.0,35.0,29,2026-05-21 16:00:00,2026-05-21,2026-05-21 16:30:19
47,1AXM,1AXM_AxiomControllerView,163884103,BTM|Application Summary|Component:26676|Calls per Minute,Overall Application Performance|1axm_requestfulfillment_prod_ocp|Individual Nodes|1axm_requestfulfillment_str_prod-1|Calls per Minute,ONE_MIN,1779380000000.0,12,0.0,12.0,11.0,14.0,12.0,354.0,29,2026-05-21 16:00:00,2026-05-21,2026-05-21 16:30:19
48,1AXM,1AXM_AxiomControllerView,163876986,BTM|Application Summary|Component:26663|Calls per Minute,Overall Application Performance|1axm_activedirectorysyncservice_prod_ocp|Individual Nodes|1axm_activedirectorysyncservice_man_prod-4|Calls per Minute,ONE_MIN,1779380000000.0,12,0.0,1.0,1.0,2.0,1.0,35.0,29,2026-05-21 16:00:00,2026-05-21,2026-05-21 16:30:19
49,1AXM,1AXM_AxiomControllerView,170469468,METRIC DATA NOT FOUND,Overall Application Performance|1axm_dataprovisionservice_prod_ocp|Individual Nodes|1axm_1AXM_MAN_03_OCP_PROD-1|Calls per Minute,ONE_MIN,,12,,,,,,,15,2026-05-21 16:00:00,2026-05-21,2026-05-21 16:30:19
50,1AXM,1AXM_AxiomControllerView,45069720,BTM|Application Summary|Component:14332|Calls per Minute,Overall Application Performance|1AXM_BCP|Individual Nodes|cnra15a1213_1AXM|Calls per Minute,ONE_MIN,1779380000000.0,12,0.0,20.0,15.0,48.0,25.0,732.0,29,2026-05-21 16:00:00,2026-05-21,2026-05-21 16:30:19
