app_id,app_full_name,ts_id,wf_dc,sf_service,wf_acln,total_value,sample_count,avg_value,bucket_start,duration_mins,load_date,fetched_at
1SSP,1SSP_WIMSelfServicePortal,ts-001,OXM,1SSP_PROD_ACTIONQ,NH01-OXM,15420,60,257.0,2026-05-06 23:00:00,60,2026-05-06 23:59:00,2026-05-07 00:01:00
1SSP,1SSP_WIMSelfServicePortal,ts-002,WEC,1SSP_PROD_ACTIONQ,NH02-WEC,8920,60,148.7,2026-05-06 23:00:00,60,2026-05-06 23:59:00,2026-05-07 00:01:00
1AUTHB,1AUTHB_WIMAuthenticationHub,ts-003,OXM,1AUTHB_PROD_AUTHSVC,NH01-OXM,44280,60,738.0,2026-05-06 23:00:00,60,2026-05-06 23:59:00,2026-05-07 00:01:00
1AUTHB,1AUTHB_WIMAuthenticationHub,ts-004,WEC,1AUTHB_PROD_AUTHSVC,NH02-WEC,21340,60,355.7,2026-05-06 23:00:00,60,2026-05-06 23:59:00,2026-05-07 00:01:00
10AM,10AM_CTDSAccessManagementTool,ts-005,OXM,10AM_PROD_ACCESSQ,NH01-OXM,9840,60,164.0,2026-05-06 23:00:00,60,2026-05-06 23:59:00,2026-05-07 00:01:00
10AM,10AM_CTDSAccessManagementTool,ts-006,WEC,10AM_PROD_ACCESSQ,NH02-WEC,4920,60,82.0,2026-05-06 23:00:00,60,2026-05-06 23:59:00,2026-05-07 00:01:00
CAPMU,CAPMU_CapitalMarketsUtilities,ts-007,OXM,CAPMU_PROD_MARKETSVC,NH01-OXM,6300,60,105.0,2026-05-06 23:00:00,60,2026-05-06 23:59:00,2026-05-07 00:01:00
CAPMU,CAPMU_CapitalMarketsUtilities,ts-008,WEC,CAPMU_PROD_MARKETSVC,NH02-WEC,3150,60,52.5,2026-05-06 23:00:00,60,2026-05-06 23:59:00,2026-05-07 00:01:00
U6170052,U6170052_DANUXLoanSystem,ts-009,OXM,U6170_PROD_LOANSVC,NH01-OXM,7200,60,120.0,2026-05-06 23:00:00,60,2026-05-06 23:59:00,2026-05-07 00:01:00
